Config,Test Loss,Test Acc,F1 Score
1,1.292262723985708,0.5343534353435343,0.5250691362189702
2,1.214473105826468,0.5598559855985599,0.5534178719388153
3,1.2419215766888745,0.5367536753675367,0.5281157664387746
4,1.2681175841475434,0.5523552355235524,0.5462277020503284
5,1.2443670990332119,0.5436543654365437,0.5331438014936761
6,1.2258785535704415,0.5637563756375638,0.5575106395080504
7,1.2131426086965598,0.561956195619562,0.5551343061552221
