Config,Test Loss,Test Acc,F1 Score
9,1.253301889266608,0.534953495349535,0.5271295826484242
10,1.2215139056151767,0.5571557155715572,0.5495292140249108
11,1.2687093548054964,0.5388538853885388,0.5303649601240036
12,1.3049622909078058,0.5574557455745575,0.5533604012152472
13,1.2395945393814232,0.5457545754575458,0.538647946028453
14,1.281965338958884,0.5463546354635463,0.5397400073608984
15,1.2770314126644495,0.5229522952295229,0.5129302631335458
16,1.2691551964238006,0.5403540354035403,0.5320609500123301
