Attn Dropout,Test Loss,Test Acc,F1 Score
0.1,1.802962917764232,0.45782047433203243,0.45559957418819874
0.3,1.477841151210497,0.45782047433203243,0.44814854070327576
0.5,1.4255592946736317,0.45782047433203243,0.44182607648416417
0.7,1.51325864218316,0.44431101771239867,0.4244895784894896
