Attn Dropout,Test Loss,Test Acc,F1 Score
0.1,0.9053411241972221,0.6634644250975683,0.6605015687010268
0.3,1.0321442018140037,0.6691684178925248,0.6604366147737641
0.5,1.1023643421676923,0.666166316421495,0.6643427886709437
0.7,1.168646955827497,0.6628640048033624,0.6598239103562036
