Dropout,Test Loss,Test Acc,F1 Score
0,0.9055226602644291,0.6637646352446712,0.6613840685586145
0.1,0.9375810606299706,0.6703692584809366,0.6606243277113012
0.3,1.1607105304610055,0.6682677874512158,0.6628088388778598
0.5,1.2215343590052623,0.6571600120084059,0.6493293739635884
0.7,1.1701229352433726,0.6544581206844792,0.6472620572816649
